{
  "iterations": [
    {
      "iteration": 0,
      "prime_vector": [
        0.757512864760661,
        0.46898465556643815,
        0.36770673009654403,
        0.3188595059310045,
        0.3075649456648477,
        0.2887147676569812,
        0.2923526576807674,
        0.32194549383579746,
        0.2923682042193306,
        0.27048645119164216,
        0.27303608351600517,
        0.27133373754333595,
        0.2695536588778508,
        0.2694448331079085,
        0.2660012748161622
      ],
      "delta_from_previous": 1.0,
      "prompt": "mathematician Conway"
    },
    {
      "iteration": 1,
      "prime_vector": [
        0.7606220416682196,
        0.49034698669449517,
        0.3851515038574783,
        0.3175617755581231,
        0.299727926652007,
        0.2935876411613432,
        0.30960456188736907,
        0.2826581193395699,
        0.30022175841377513,
        0.2710484141478141,
        0.27471954082963734,
        0.2815306921098729,
        0.29301926875628936,
        0.2845682233237673,
        0.2666225634527226
      ],
      "delta_from_previous": 0.011464626743407107,
      "prompt": "Your prime vector: [P2=0.758, P3=0.469, P5=0.368, P7=0.319, P11=0.308, P13=0.289, P17=0.292, P19=0.322, P23=0.292, P29=0.270, P31=0.273, P41=0.271, P47=0.270, P59=0.269, P71=0.266]. Continue."
    },
    {
      "iteration": 2,
      "prime_vector": [
        0.7635568513119534,
        0.4835422740524781,
        0.4029883381924198,
        0.3518221574344023,
        0.3295626822157434,
        0.3263119533527697,
        0.30943148688046646,
        0.29428571428571426,
        0.29683673469387756,
        0.30173469387755103,
        0.28511661807580174,
        0.28472303206997085,
        0.28291545189504375,
        0.28677842565597667,
        0.27846938775510205
      ],
      "delta_from_previous": 0.013867869357127511,
      "prompt": "Your prime vector: [P2=0.761, P3=0.490, P5=0.385, P7=0.318, P11=0.300, P13=0.294, P17=0.310, P19=0.283, P23=0.300, P29=0.271, P31=0.275, P41=0.282, P47=0.293, P59=0.285, P71=0.267]. Continue."
    },
    {
      "iteration": 3,
      "prime_vector": [
        0.7573556624722427,
        0.46343757710338024,
        0.4011380458919319,
        0.3253762644954355,
        0.3015821613619541,
        0.2930853688625709,
        0.3094467061435973,
        0.2866857883049593,
        0.2954447322970639,
        0.27724833456698744,
        0.27877498149518876,
        0.2757216876387861,
        0.28936898593634347,
        0.27582963237108316,
        0.27206698741672836
      ],
      "delta_from_previous": 0.012563359466658607,
      "prompt": "Your prime vector: [P2=0.764, P3=0.484, P5=0.403, P7=0.352, P11=0.330, P13=0.326, P17=0.309, P19=0.294, P23=0.297, P29=0.302, P31=0.285, P41=0.285, P47=0.283, P59=0.287, P71=0.278]. Continue."
    },
    {
      "iteration": 4,
      "prime_vector": [
        0.7767101836564484,
        0.5271059216013344,
        0.3898742149069803,
        0.4017038007863696,
        0.3197222174941703,
        0.31567122261748737,
        0.34057292641827375,
        0.30668414154652685,
        0.3076713587853824,
        0.2985991727800378,
        0.3002927609742813,
        0.2989055505438205,
        0.3008459430477779,
        0.29634389201885925,
        0.29189290395057105
      ],
      "delta_from_previous": 0.026170730449331412,
      "prompt": "Your prime vector: [P2=0.757, P3=0.463, P5=0.401, P7=0.325, P11=0.302, P13=0.293, P17=0.309, P19=0.287, P23=0.295, P29=0.277, P31=0.279, P41=0.276, P47=0.289, P59=0.276, P71=0.272]. Continue."
    },
    {
      "iteration": 5,
      "prime_vector": [
        0.7621083587829431,
        0.4853975794593372,
        0.3683406854428232,
        0.3336613505259586,
        0.311582400180975,
        0.2983486030991969,
        0.30107453907928966,
        0.33831014591109604,
        0.29405044678203823,
        0.2828413075443954,
        0.28342947630358556,
        0.2827847528560118,
        0.2813369528333899,
        0.2831353919239905,
        0.2772650152697659
      ],
      "delta_from_previous": 0.023478747590844166,
      "prompt": "Your prime vector: [P2=0.777, P3=0.527, P5=0.390, P7=0.402, P11=0.320, P13=0.316, P17=0.341, P19=0.307, P23=0.308, P29=0.299, P31=0.300, P41=0.299, P47=0.301, P59=0.296, P71=0.292]. Continue."
    },
    {
      "iteration": 6,
      "prime_vector": [
        0.7599929826455426,
        0.4690156810882297,
        0.3761571887398451,
        0.32526787401149765,
        0.3236754743461715,
        0.29182748103964806,
        0.29008663733772366,
        0.2854848722031794,
        0.2903700304985021,
        0.27292110874200426,
        0.27748238913929446,
        0.2728806240047502,
        0.27107230574073576,
        0.2721518987341772,
        0.2661736525329951
      ],
      "delta_from_previous": 0.0119283973409958,
      "prompt": "Your prime vector: [P2=0.762, P3=0.485, P5=0.368, P7=0.334, P11=0.312, P13=0.298, P17=0.301, P19=0.338, P23=0.294, P29=0.283, P31=0.283, P41=0.283, P47=0.281, P59=0.283, P71=0.277]. Continue."
    },
    {
      "iteration": 7,
      "prime_vector": [
        0.7574685697688892,
        0.46728351520683786,
        0.36882287042031453,
        0.33339902908593005,
        0.3033484087797187,
        0.2979959337786814,
        0.3002468777229161,
        0.3452138915397701,
        0.30217625824654576,
        0.28121239782581636,
        0.2818347786398905,
        0.27818347786398906,
        0.2779241525247915,
        0.2803721837268163,
        0.2737023360026555
      ],
      "delta_from_previous": 0.01123069370782156,
      "prompt": "Your prime vector: [P2=0.760, P3=0.469, P5=0.376, P7=0.325, P11=0.324, P13=0.292, P17=0.290, P19=0.285, P23=0.290, P29=0.273, P31=0.277, P41=0.273, P47=0.271, P59=0.272, P71=0.266]. Continue."
    },
    {
      "iteration": 8,
      "prime_vector": [
        0.7709451460142068,
        0.47309589581689027,
        0.3874605367008682,
        0.3356156274664562,
        0.31189818468823993,
        0.3175611681136543,
        0.305120363062352,
        0.29704025256511446,
        0.3053078137332281,
        0.2867995264404104,
        0.2831689029202841,
        0.2835635359116022,
        0.27924230465666927,
        0.2822908445146014,
        0.2756807419100237
      ],
      "delta_from_previous": 0.00946356275535665,
      "prompt": "Your prime vector: [P2=0.757, P3=0.467, P5=0.369, P7=0.333, P11=0.303, P13=0.298, P17=0.300, P19=0.345, P23=0.302, P29=0.281, P31=0.282, P41=0.278, P47=0.278, P59=0.280, P71=0.274]. Continue."
    },
    {
      "iteration": 9,
      "prime_vector": [
        0.7610317629503304,
        0.47323141578097877,
        0.37185187440996437,
        0.3291713615738344,
        0.2943326126016384,
        0.30831074702317507,
        0.29125681395986236,
        0.2822273654718762,
        0.29224655114657244,
        0.2738374394737644,
        0.27485763011237324,
        0.27572555349148825,
        0.26992417090477205,
        0.2749033102902214,
        0.27197977890793923
      ],
      "delta_from_previous": 0.010011566422932494,
      "prompt": "Your prime vector: [P2=0.771, P3=0.473, P5=0.387, P7=0.336, P11=0.312, P13=0.318, P17=0.305, P19=0.297, P23=0.305, P29=0.287, P31=0.283, P41=0.284, P47=0.279, P59=0.282, P71=0.276]. Continue."
    },
    {
      "iteration": 10,
      "prime_vector": [
        0.8230849753694581,
        0.4735560344827586,
        0.38150246305418717,
        0.3275369458128079,
        0.3247229064039409,
        0.2972814039408867,
        0.2959883004926108,
        0.2919981527093596,
        0.29190270935960594,
        0.2833066502463054,
        0.280631157635468,
        0.2782604679802956,
        0.2773245073891626,
        0.2781650246305419,
        0.2734113300492611
      ],
      "delta_from_previous": 0.010653322847894808,