{
  "prompt": "What is the Golay code?",
  "tokens": [
    "The",
    "Golay",
    "code",
    "is",
    "a",
    "type",
    "of",
    "error-correcting",
    "code",
    "that",
    "was",
    "developed",
    "by",
    "mathematician",
    "Marcel",
    "Golay",
    "in",
    "1948",
    "and",
    "independently",
    "by",
    "Richard",
    "Hamming",
    "in",
    "1950.",
    "It's",
    "part",
    "of",
    "a",
    "broader",
    "class",
    "of",
    "block",
    "codes,",
    "which",
    "are",
    "used",
    "to",
    "add",
    "redundancy",
    "to",
    "data",
    "so",
    "errors",
    "can",
    "be",
    "detected",
    "and",
    "corrected.",
    "###"
  ],
  "layer_activations": [
    {
      "layer": 0,
      "attention_weights": [
        0.1,
        0.8,
        0.4,
        0.1,
        0.1,
        0.1,
        0.1,
        0.1,
        0.4,
        0.1,
        0.1,
        0.1,
        0.1,
        0.1,
        0.1,
        0.8,
        0.1,
        0.1,
        0.1,
        0.1,
        0.1,
        0.1,
        0.1,
        0.1,
        0.1,
        0.1,
        0.1,
        0.1,
        0.1,
        0.1,
        0.1,
        0.1,
        0.1,
        0.4,
        0.1,
        0.1,
        0.1,
        0.1,
        0.1,
        0.1,
        0.1,
        0.1,
        0.1,
        0.1,
        0.1,
        0.1,
        0.1,
        0.1,
        0.1,
        0.1
      ],
      "hidden_states": [
        0.1,
        0.8,
        0.4,
        0.1,
        0.1,
        0.1,
        0.1,
        0.1,
        0.4,
        0.1,
        0.1,
        0.1,
        0.1,
        0.1,
        0.1,
        0.8,
        0.1,
        0.1,
        0.1,
        0.1,
        0.1,
        0.1,
        0.1,
        0.1,
        0.1,
        0.1,
        0.1,
        0.1,
        0.1,
        0.1,
        0.1,
        0.1,
        0.1,
        0.4,
        0.1,
        0.1,
        0.1,
        0.1,
        0.1,
        0.1,
        0.1,
        0.1,
        0.1,
        0.1,
        0.1,
        0.1,
        0.1,
        0.1,
        0.1,
        0.1
      ],
      "prime_signature": []
    },
    {
      "layer": 1,
      "attention_weights": [
        0.2,
        0.90000004,
        0.5,
        0.2,
        0.2,
        0.2,
        0.2,
        0.2,
        0.5,
        0.2,
        0.2,
        0.2,
        0.2,
        0.2,
        0.2,
        0.90000004,
        0.2,
        0.2,
        0.2,
        0.2,
        0.2,
        0.2,
        0.2,
        0.2,
        0.2,
        0.2,
        0.2,
        0.2,
        0.2,
        0.2,
        0.2,
        0.2,
        0.2,
        0.5,
        0.2,
        0.2,
        0.2,
        0.2,
        0.2,
        0.2,
        0.2,
        0.2,
        0.2,
        0.2,
        0.2,
        0.2,
        0.2,
        0.2,
        0.2,
        0.2
      ],
      "hidden_states": [
        0.2,
        0.90000004,
        0.5,
        0.2,
        0.2,
        0.2,
        0.2,
        0.2,
        0.5,
        0.2,
        0.2,
        0.2,
        0.2,
        0.2,
        0.2,
        0.90000004,
        0.2,
        0.2,
        0.2,
        0.2,
        0.2,
        0.2,
        0.2,
        0.2,
        0.2,
        0.2,
        0.2,
        0.2,
        0.2,
        0.2,
        0.2,
        0.2,
        0.2,
        0.5,
        0.2,
        0.2,
        0.2,
        0.2,
        0.2,
        0.2,
        0.2,
        0.2,
        0.2,
        0.2,
        0.2,
        0.2,
        0.2,
        0.2,
        0.2,
        0.2
      ],
      "prime_signature": []
    },
    {
      "layer": 2,
      "attention_weights": [
        0.3,
        1.0,
        0.6,
        0.3,
        0.3,
        0.3,
        0.3,
        0.3,
        0.6,
        0.3,
        0.3,
        0.3,
        0.3,
        0.3,
        0.3,
        1.0,
        0.3,
        0.3,
        0.3,
        0.3,
        0.3,
        0.3,
        0.3,
        0.3,
        0.3,
        0.3,
        0.3,
        0.3,
        0.3,
        0.3,
        0.3,
        0.3,
        0.3,
        0.6,
        0.3,
        0.3,
        0.3,
        0.3,
        0.3,
        0.3,
        0.3,
        0.3,
        0.3,
        0.3,
        0.3,
        0.3,
        0.3,
        0.3,
        0.3,
        0.3
      ],
      "hidden_states": [
        0.3,
        1.0,
        0.6,
        0.3,
        0.3,
        0.3,
        0.3,
        0.3,
        0.6,
        0.3,
        0.3,
        0.3,
        0.3,
        0.3,
        0.3,
        1.0,
        0.3,
        0.3,
        0.3,
        0.3,
        0.3,
        0.3,
        0.3,
        0.3,
        0.3,
        0.3,
        0.3,
        0.3,
        0.3,
        0.3,
        0.3,
        0.3,
        0.3,
        0.6,
        0.3,
        0.3,
        0.3,
        0.3,
        0.3,
        0.3,
        0.3,
        0.3,
        0.3,
        0.3,
        0.3,
        0.3,
        0.3,
        0.3,
        0.3,
        0.3
      ],
      "prime_signature": []
    },
    {
      "layer": 3,
      "attention_weights": [
        0.4,
        1.1,
        0.70000005,
        0.4,
        0.4,
        0.4,
        0.4,
        0.4,
        0.70000005,
        0.4,
        0.4,
        0.4,
        0.4,
        0.4,
        0.4,
        1.1,
        0.4,
        0.4,
        0.4,
        0.4,
        0.4,
        0.4,
        0.4,
        0.4,
        0.4,
        0.4,
        0.4,
        0.4,
        0.4,
        0.4,
        0.4,
        0.4,
        0.4,
        0.70000005,
        0.4,
        0.4,
        0.4,
        0.4,
        0.4,
        0.4,
        0.4,
        0.4,
        0.4,
        0.4,
        0.4,
        0.4,
        0.4,
        0.4,
        0.4,
        0.4
      ],
      "hidden_states": [
        0.4,
        1.1,
        0.70000005,
        0.4,
        0.4,
        0.4,
        0.4,
        0.4,
        0.70000005,
        0.4,
        0.4,
        0.4,
        0.4,
        0.4,
        0.4,
        1.1,
        0.4,
        0.4,
        0.4,
        0.4,
        0.4,
        0.4,
        0.4,
        0.4,
        0.4,
        0.4,
        0.4,
        0.4,
        0.4,
        0.4,
        0.4,
        0.4,
        0.4,
        0.70000005,
        0.4,
        0.4,
        0.4,
        0.4,
        0.4,
        0.4,
        0.4,
        0.4,
        0.4,
        0.4,
        0.4,
        0.4,
        0.4,
        0.4,
        0.4,
        0.4
      ],
      "prime_signature": []
    },
    {
      "layer": 4,
      "attention_weights": [
        0.5,
        1.2,
        0.8,
        0.5,
        0.5,
        0.5,
        0.5,
        0.5,
        0.8,
        0.5,
        0.5,
        0.5,
        0.5,
        0.5,
        0.5,
        1.2,
        0.5,
        0.5,
        0.5,
        0.5,
        0.5,
        0.5,
        0.5,
        0.5,
        0.5,
        0.5,
        0.5,
        0.5,
        0.5,
        0.5,
        0.5,
        0.5,
        0.5,
        0.8,
        0.5,
        0.5,
        0.5,
        0.5,
        0.5,
        0.5,
        0.5,
        0.5,
        0.5,
        0.5,
        0.5,
        0.5,
        0.5,
        0.5,
        0.5,
        0.5
      ],
      "hidden_states": [
        0.5,
        1.2,
        0.8,
        0.5,
        0.5,
        0.5,
        0.5,
        0.5,
        0.8,
        0.5,
        0.5,
        0.5,
        0.5,
        0.5,
        0.5,
        1.2,
        0.5,
        0.5,
        0.5,
        0.5,
        0.5,
        0.5,
        0.5,
        0.5,
        0.5,
        0.5,
        0.5,
        0.5,
        0.5,
        0.5,
        0.5,
        0.5,
        0.5,
        0.8,
        0.5,
        0.5,
        0.5,
        0.5,
        0.5,
        0.5,
        0.5,
        0.5,
        0.5,
        0.5,
        0.5,
        0.5,
        0.5,
        0.5,
        0.5,
        0.5
      ],
      "prime_signature": []
    },
    {
      "layer": 5,