{
  "total_samples": 408,
  "register_stats": {
    "R10": {
      "register": "R10",
      "mean": 1.0262071880815766e+16,
      "max": 18446744073709551615,
      "min": 0,
      "prime_modulo_distribution": {
        "11": 185,
        "59": 171,
        "2": 319,
        "19": 169,
        "23": 173,
        "7": 192,
        "3": 230,
        "17": 178,
        "13": 185,
        "5": 208,
        "41": 166,
        "71": 164,
        "29": 168,
        "31": 167,
        "47": 168
      }
    },
    "DX": {
      "register": "DX",
      "mean": 7648185500578467.0,
      "max": 15443807840124839936,
      "min": 0,
      "prime_modulo_distribution": {
        "31": 101,
        "17": 124,
        "11": 115,
        "29": 110,
        "13": 115,
        "19": 110,
        "5": 151,
        "47": 100,
        "2": 332,
        "71": 100,
        "7": 140,
        "23": 105,
        "59": 105,
        "41": 101,
        "3": 173
      }
    },
    "R9": {
      "register": "R9",
      "mean": 1.5024864922328734e+16,
      "max": 18446744073709551615,
      "min": 0,
      "prime_modulo_distribution": {
        "5": 226,
        "3": 249,
        "71": 169,
        "13": 187,
        "17": 197,
        "31": 175,
        "59": 168,
        "19": 171,
        "41": 169,
        "23": 175,
        "29": 169,
        "7": 195,
        "47": 165,
        "11": 175,
        "2": 341
      }
    },
    "DI": {
      "register": "DI",
      "mean": 3.2996970688768216e+16,
      "max": 13430838974404303873,
      "min": 0,
      "prime_modulo_distribution": {
        "13": 87,
        "41": 58,
        "3": 184,
        "19": 67,
        "11": 81,
        "59": 56,
        "2": 336,
        "71": 53,
        "17": 68,
        "5": 120,
        "7": 94,
        "23": 69,
        "29": 57,
        "31": 66,
        "47": 60
      }
    },
    "CX": {
      "register": "CX",
      "mean": 2.8515211484131736e+16,
      "max": 18446744073709551615,
      "min": 0,
      "prime_modulo_distribution": {
        "71": 85,
        "11": 100,
        "47": 89,
        "2": 281,
        "29": 92,
        "59": 89,
        "19": 94,
        "7": 121,
        "23": 89,
        "41": 86,
        "13": 99,
        "3": 194,
        "31": 86,
        "17": 106,
        "5": 143
      }
    },
    "R15": {
      "register": "R15",
      "mean": 2.3140720373404456e+16,
      "max": 18446744073709551600,
      "min": 0,
      "prime_modulo_distribution": {
        "47": 59,
        "5": 134,
        "59": 67,
        "13": 88,
        "3": 172,
        "19": 74,
        "11": 87,
        "31": 65,
        "71": 62,
        "2": 313,
        "17": 92,
        "7": 100,
        "29": 65,
        "41": 62,
        "23": 71
      }
    },
    "AX": {
      "register": "AX",
      "mean": 2.6799598951029536e+16,
      "max": 18446744073709551615,
      "min": 0,
      "prime_modulo_distribution": {
        "29": 107,
        "13": 121,
        "11": 129,
        "19": 112,
        "59": 102,
        "2": 330,
        "3": 196,
        "31": 105,
        "23": 109,
        "7": 133,
        "17": 114,
        "47": 101,
        "5": 157,
        "41": 100,
        "71": 102
      }
    },
    "BX": {
      "register": "BX",
      "mean": 4.289598582615402e+16,
      "max": 18446744073709551280,
      "min": 0,
      "prime_modulo_distribution": {
        "23": 77,
        "59": 61,
        "47": 64,
        "31": 67,
        "5": 129,
        "41": 63,
        "3": 178,
        "7": 102,
        "17": 85,
        "29": 66,
        "2": 358,
        "71": 60,
        "19": 72,
        "13": 80,
        "11": 86
      }
    },
    "R14": {
      "register": "R14",
      "mean": 2.2658720547954416e+16,
      "max": 18446744073709551608,
      "min": 0,
      "prime_modulo_distribution": {
        "71": 49,
        "47": 56,
        "2": 348,
        "5": 142,
        "19": 80,
        "7": 106,
        "13": 65,
        "31": 51,
        "29": 51,
        "17": 79,
        "3": 149,
        "23": 61,
        "11": 75,
        "59": 51,
        "41": 52
      }
    },
    "R8": {
      "register": "R8",
      "mean": 6095643797297694.0,
      "max": 17551979389380917893,
      "min": 0,
      "prime_modulo_distribution": {
        "29": 162,
        "31": 159,
        "13": 164,
        "47": 157,
        "17": 179,
        "23": 155,
        "11": 169,
        "19": 162,
        "2": 320,
        "3": 230,
        "7": 173,
        "71": 153,
        "41": 159,
        "5": 216,
        "59": 154
      }
    },
    "SI": {
      "register": "SI",
      "mean": 2.0631662311070744e+16,
      "max": 4780142144453083136,
      "min": 0,
      "prime_modulo_distribution": {
        "19": 111,
        "71": 98,
        "3": 195,
        "7": 130,
        "41": 102,
        "31": 104,
        "59": 101,
        "13": 115,
        "47": 107,
        "11": 116,
        "5": 134,
        "23": 108,
        "17": 116,
        "2": 325,
        "29": 106
      }
    },
    "R12": {
      "register": "R12",
      "mean": 2.938772235844398e+16,
      "max": 18446744073709551614,
      "min": 0,
      "prime_modulo_distribution": {
        "29": 59,
        "2": 353,
        "3": 187,
        "7": 102,
        "11": 73,
        "23": 64,
        "71": 54,
        "31": 57,
        "17": 71,
        "19": 57,
        "47": 60,
        "59": 57,
        "13": 74,
        "5": 148,
        "41": 61
      }
    },
    "R13": {
      "register": "R13",
      "mean": 188475660083760.94,
      "max": 18446744073709551615,
      "min": 0,
      "prime_modulo_distribution": {
        "17": 83,
        "23": 74,
        "47": 72,
        "2": 314,
        "41": 69,
        "5": 139,
        "11": 91,
        "13": 88,
        "7": 99,
        "59": 68,
        "71": 68,
        "3": 163,
        "29": 71,
        "19": 75,
        "31": 74
      }
    },
    "R11": {
      "register": "R11",
      "mean": 3.2594403508407596e+16,
      "max": 18446744073709551106,
      "min": 0,
      "prime_modulo_distribution": {
        "17": 166,
        "2": 324,
        "5": 166,
        "11": 152,
        "59": 144,
        "29": 148,
        "47": 145,
        "71": 143,
        "19": 153,
        "3": 252,
        "23": 148,
        "13": 148,
        "41": 143,
        "31": 147,
        "7": 168
      }
    }
  },
  "prime_resonances": {
    "41": 0.24352240896358543,
    "13": 0.28291316526610644,
    "31": 0.24929971988795518,
    "17": 0.29026610644257705,
    "5": 0.38742997198879553,
    "7": 0.3247549019607843,
    "59": 0.24404761904761904,
    "2": 0.8042717086834734,
    "19": 0.26383053221288516,
    "23": 0.25875350140056025,
    "47": 0.24562324929971988,
    "71": 0.23809523809523808,
    "11": 0.2860644257703081,
    "29": 0.2505252100840336,
    "3": 0.48179271708683474
  },
  "hot_addresses": [
    {
      "address": "10000",
      "count": 408,
      "symbol": "[unknown]"
    }
  ]
}