{
  "total_samples": 277,
  "register_stats": {
    "R14": {
      "register": "R14",
      "mean": 3.335337636901372e+16,
      "max": 18446744073709551615,
      "min": 0,
      "prime_modulo_distribution": {
        "59": 32,
        "17": 60,
        "31": 35,
        "47": 32,
        "7": 58,
        "29": 36,
        "71": 33,
        "41": 38,
        "19": 40,
        "3": 123,
        "11": 49,
        "2": 241,
        "23": 42,
        "5": 89,
        "13": 36
      }
    },
    "R10": {
      "register": "R10",
      "mean": 5.313426010287194e+16,
      "max": 18446744073709550670,
      "min": 0,
      "prime_modulo_distribution": {
        "29": 133,
        "41": 126,
        "19": 129,
        "7": 140,
        "5": 154,
        "3": 150,
        "47": 125,
        "17": 133,
        "2": 243,
        "11": 140,
        "31": 130,
        "59": 126,
        "13": 135,
        "23": 134,
        "71": 125
      }
    },
    "AX": {
      "register": "AX",
      "mean": 1.7845194527908568e+16,
      "max": 18446744073709551615,
      "min": 0,
      "prime_modulo_distribution": {
        "3": 135,
        "11": 80,
        "17": 86,
        "71": 67,
        "47": 68,
        "29": 71,
        "5": 108,
        "41": 67,
        "59": 68,
        "2": 223,
        "19": 77,
        "31": 74,
        "7": 89,
        "23": 70,
        "13": 80
      }
    },
    "BX": {
      "register": "BX",
      "mean": 93266958304278.16,
      "max": 18446744073709551544,
      "min": 0,
      "prime_modulo_distribution": {
        "29": 62,
        "3": 118,
        "11": 67,
        "2": 235,
        "7": 75,
        "23": 59,
        "19": 59,
        "31": 54,
        "71": 52,
        "59": 62,
        "47": 60,
        "17": 68,
        "5": 95,
        "13": 63,
        "41": 54
      }
    },
    "R8": {
      "register": "R8",
      "mean": 6.34052564835309e+16,
      "max": 18446744073709551615,
      "min": 0,
      "prime_modulo_distribution": {
        "17": 136,
        "11": 133,
        "31": 117,
        "5": 158,
        "19": 122,
        "41": 118,
        "7": 125,
        "47": 115,
        "13": 120,
        "59": 116,
        "2": 223,
        "23": 120,
        "3": 180,
        "29": 118,
        "71": 115
      }
    },
    "SI": {
      "register": "SI",
      "mean": 3.694416493113536e+16,
      "max": 4780144721433460736,
      "min": 0,
      "prime_modulo_distribution": {
        "23": 84,
        "7": 100,
        "17": 83,
        "47": 81,
        "29": 82,
        "19": 83,
        "31": 78,
        "5": 111,
        "59": 75,
        "71": 73,
        "13": 84,
        "3": 124,
        "11": 89,
        "41": 78,
        "2": 228
      }
    },
    "DX": {
      "register": "DX",
      "mean": 63627251704487.88,
      "max": 4503603922403328,
      "min": 0,
      "prime_modulo_distribution": {
        "3": 127,
        "29": 73,
        "5": 116,
        "19": 75,
        "11": 75,
        "31": 71,
        "47": 73,
        "13": 79,
        "17": 82,
        "41": 70,
        "7": 94,
        "23": 73,
        "2": 216,
        "71": 70,
        "59": 67
      }
    },
    "DI": {
      "register": "DI",
      "mean": 103790275717200.27,
      "max": 18446744073709551615,
      "min": 0,
      "prime_modulo_distribution": {
        "29": 48,
        "47": 51,
        "13": 57,
        "23": 50,
        "41": 45,
        "7": 79,
        "31": 48,
        "3": 129,
        "19": 54,
        "11": 67,
        "59": 49,
        "71": 48,
        "2": 204,
        "5": 84,
        "17": 67
      }
    },
    "R9": {
      "register": "R9",
      "mean": 4.570946524651187e+16,
      "max": 18446744073709551615,
      "min": 0,
      "prime_modulo_distribution": {
        "59": 118,
        "29": 119,
        "41": 118,
        "5": 153,
        "23": 125,
        "7": 139,
        "2": 236,
        "71": 116,
        "31": 118,
        "47": 118,
        "13": 121,
        "3": 183,
        "17": 131,
        "19": 127,
        "11": 135
      }
    },
    "R12": {
      "register": "R12",
      "mean": 3.735541388023285e+16,
      "max": 18446744073709551615,
      "min": 0,
      "prime_modulo_distribution": {
        "19": 52,
        "2": 231,
        "11": 47,
        "23": 37,
        "13": 48,
        "5": 97,
        "41": 38,
        "71": 36,
        "17": 48,
        "31": 34,
        "29": 35,
        "59": 35,
        "7": 63,
        "47": 37,
        "3": 110
      }
    },
    "R15": {
      "register": "R15",
      "mean": 71975990101706.31,
      "max": 140737488345712,
      "min": 0,
      "prime_modulo_distribution": {
        "31": 39,
        "11": 51,
        "5": 87,
        "3": 104,
        "71": 38,
        "29": 40,
        "13": 46,
        "2": 201,
        "23": 46,
        "59": 40,
        "17": 65,
        "7": 64,
        "19": 51,
        "41": 37,
        "47": 44
      }
    },
    "R13": {
      "register": "R13",
      "mean": 1101883670473433.1,
      "max": 18446744073709551615,
      "min": 0,
      "prime_modulo_distribution": {
        "3": 104,
        "19": 36,
        "47": 41,
        "71": 38,
        "11": 51,
        "17": 50,
        "7": 59,
        "5": 71,
        "13": 45,
        "29": 36,
        "59": 35,
        "2": 200,
        "23": 39,
        "31": 38,
        "41": 35
      }
    },
    "R11": {
      "register": "R11",
      "mean": 2.9239255770749664e+16,
      "max": 15740113114901962847,
      "min": 0,
      "prime_modulo_distribution": {
        "5": 129,
        "3": 160,
        "29": 104,
        "47": 101,
        "7": 124,
        "41": 100,
        "2": 224,
        "31": 100,
        "19": 106,
        "13": 103,
        "23": 106,
        "11": 111,
        "71": 100,
        "17": 114,
        "59": 103
      }
    },
    "CX": {
      "register": "CX",
      "mean": 1.5220304441792216e+16,
      "max": 18446744073709551615,
      "min": 0,
      "prime_modulo_distribution": {
        "71": 70,
        "7": 81,
        "17": 80,
        "41": 72,
        "5": 117,
        "19": 82,
        "2": 185,
        "29": 68,
        "3": 142,
        "59": 68,
        "11": 84,
        "13": 78,
        "31": 68,
        "47": 72,
        "23": 75
      }
    }
  },
  "prime_resonances": {
    "2": 0.7968024755028366,
    "19": 0.28184631253223313,
    "59": 0.2563176895306859,
    "11": 0.3040226921093347,
    "31": 0.258896338318721,
    "13": 0.28236204228984013,
    "17": 0.3102114492006189,
    "41": 0.25683341928829295,
    "47": 0.2625064466219701,
    "23": 0.27333677153171737,
    "5": 0.4045899948427024,
    "71": 0.25296544610624033,
    "7": 0.33264569365652397,
    "3": 0.4871067560598247,
    "29": 0.2643115007735946
  },
  "hot_addresses": [
    {
      "address": "10000",
      "count": 277,
      "symbol": "[unknown]"
    }
  ]
}