{
  "total_samples": 284,
  "register_stats": {
    "DX": {
      "register": "DX",
      "mean": 40489127320803.914,
      "max": 719099870976674,
      "min": 0,
      "prime_modulo_distribution": {
        "3": 136,
        "13": 92,
        "17": 95,
        "59": 84,
        "2": 221,
        "71": 85,
        "19": 91,
        "29": 88,
        "41": 86,
        "23": 90,
        "7": 97,
        "5": 116,
        "31": 86,
        "11": 95,
        "47": 83
      }
    },
    "R8": {
      "register": "R8",
      "mean": 5.460336813399085e+16,
      "max": 18304538006934504241,
      "min": 0,
      "prime_modulo_distribution": {
        "71": 118,
        "19": 124,
        "7": 138,
        "47": 118,
        "2": 223,
        "41": 120,
        "17": 141,
        "23": 121,
        "11": 131,
        "29": 127,
        "31": 119,
        "3": 180,
        "5": 158,
        "13": 126,
        "59": 123
      }
    },
    "R10": {
      "register": "R10",
      "mean": 2.509440282347455e+16,
      "max": 18446744073709550671,
      "min": 0,
      "prime_modulo_distribution": {
        "19": 136,
        "71": 127,
        "17": 131,
        "23": 130,
        "5": 155,
        "13": 136,
        "41": 126,
        "47": 130,
        "3": 160,
        "31": 131,
        "11": 138,
        "29": 128,
        "59": 127,
        "2": 239,
        "7": 150
      }
    },
    "R11": {
      "register": "R11",
      "mean": 8650662723009284.0,
      "max": 15740113114901962847,
      "min": 0,
      "prime_modulo_distribution": {
        "7": 117,
        "31": 105,
        "3": 179,
        "71": 105,
        "17": 133,
        "19": 116,
        "13": 108,
        "23": 107,
        "29": 107,
        "47": 106,
        "2": 210,
        "5": 118,
        "11": 107,
        "41": 106,
        "59": 106
      }
    },
    "R12": {
      "register": "R12",
      "mean": 68731192323755.9,
      "max": 18446744073709551615,
      "min": 0,
      "prime_modulo_distribution": {
        "59": 40,
        "71": 43,
        "13": 56,
        "7": 63,
        "5": 97,
        "17": 47,
        "31": 51,
        "11": 71,
        "3": 112,
        "19": 53,
        "41": 39,
        "47": 43,
        "2": 244,
        "23": 39,
        "29": 42
      }
    },
    "SI": {
      "register": "SI",
      "mean": 1249136788564408.2,
      "max": 14003516721263914882,
      "min": 0,
      "prime_modulo_distribution": {
        "47": 67,
        "59": 62,
        "2": 229,
        "3": 116,
        "23": 69,
        "17": 73,
        "31": 68,
        "5": 103,
        "41": 67,
        "71": 64,
        "29": 70,
        "13": 72,
        "19": 72,
        "7": 90,
        "11": 73
      }
    },
    "BX": {
      "register": "BX",
      "mean": 2.326069484838896e+16,
      "max": 18446744073709551488,
      "min": 0,
      "prime_modulo_distribution": {
        "23": 44,
        "2": 249,
        "11": 64,
        "13": 45,
        "17": 53,
        "47": 45,
        "59": 47,
        "31": 44,
        "5": 82,
        "7": 74,
        "3": 109,
        "71": 41,
        "19": 49,
        "41": 42,
        "29": 46
      }
    },
    "R14": {
      "register": "R14",
      "mean": 3.253615520224695e+16,
      "max": 9223372036854775807,
      "min": 0,
      "prime_modulo_distribution": {
        "2": 240,
        "47": 37,
        "41": 42,
        "7": 69,
        "17": 66,
        "23": 48,
        "3": 118,
        "59": 40,
        "5": 80,
        "29": 46,
        "11": 51,
        "19": 71,
        "31": 37,
        "13": 52,
        "71": 37
      }
    },
    "AX": {
      "register": "AX",
      "mean": 3.220920005571318e+16,
      "max": 18446744073709551614,
      "min": 0,
      "prime_modulo_distribution": {
        "13": 90,
        "5": 106,
        "23": 81,
        "11": 99,
        "71": 78,
        "29": 80,
        "3": 131,
        "19": 99,
        "47": 80,
        "41": 78,
        "59": 80,
        "7": 94,
        "17": 84,
        "31": 82,
        "2": 239
      }
    },
    "R13": {
      "register": "R13",
      "mean": 3.757715209334931e+16,
      "max": 18446744073709551615,
      "min": 0,
      "prime_modulo_distribution": {
        "19": 45,
        "41": 45,
        "7": 63,
        "29": 43,
        "13": 51,
        "3": 108,
        "23": 48,
        "71": 43,
        "47": 47,
        "2": 212,
        "11": 56,
        "17": 50,
        "5": 82,
        "59": 39,
        "31": 43
      }
    },
    "CX": {
      "register": "CX",
      "mean": 3.5641313429308696e+16,
      "max": 18446744073709551608,
      "min": 0,
      "prime_modulo_distribution": {
        "23": 66,
        "31": 61,
        "47": 58,
        "7": 76,
        "29": 56,
        "2": 200,
        "13": 71,
        "59": 57,
        "3": 134,
        "5": 94,
        "19": 69,
        "41": 59,
        "11": 76,
        "17": 72,
        "71": 57
      }
    },
    "DI": {
      "register": "DI",
      "mean": 95491864973345.28,
      "max": 719099870976674,
      "min": 0,
      "prime_modulo_distribution": {
        "41": 37,
        "7": 57,
        "23": 34,
        "2": 220,
        "31": 35,
        "5": 66,
        "13": 45,
        "29": 36,
        "59": 37,
        "19": 36,
        "17": 38,
        "3": 102,
        "47": 35,
        "11": 52,
        "71": 30
      }
    },
    "R15": {
      "register": "R15",
      "mean": 105803620688002.73,
      "max": 9007199254740991,
      "min": 0,
      "prime_modulo_distribution": {
        "23": 58,
        "2": 217,
        "7": 68,
        "71": 45,
        "31": 46,
        "47": 43,
        "5": 105,
        "17": 62,
        "3": 118,
        "59": 48,
        "13": 65,
        "11": 57,
        "41": 45,
        "19": 59,
        "29": 44
      }
    },
    "R9": {
      "register": "R9",
      "mean": 4.6444308427261144e+16,
      "max": 18446744073709551615,
      "min": 0,
      "prime_modulo_distribution": {
        "3": 166,
        "59": 114,
        "11": 121,
        "29": 113,
        "17": 127,
        "71": 115,
        "2": 232,
        "13": 124,
        "47": 114,
        "19": 117,
        "31": 114,
        "7": 143,
        "5": 160,
        "41": 116,
        "23": 115
      }
    }
  },
  "prime_resonances": {
    "13": 0.28495975855130784,
    "3": 0.47007042253521125,
    "29": 0.2580482897384306,
    "47": 0.2530181086519115,
    "5": 0.3827967806841046,
    "19": 0.28596579476861167,
    "7": 0.3267102615694165,
    "31": 0.25704225352112675,
    "71": 0.24849094567404426,
    "17": 0.2947686116700201,
    "2": 0.7985412474849095,
    "41": 0.2535211267605634,
    "59": 0.25251509054325955,
    "23": 0.2640845070422535,
    "11": 0.2995472837022133
  },
  "hot_addresses": [
    {
      "address": "10000",
      "count": 284,
      "symbol": "[unknown]"
    }
  ]
}