{
  "total_samples": 265,
  "register_stats": {
    "R8": {
      "register": "R8",
      "mean": 5.532315574715749e+16,
      "max": 17551979389380917893,
      "min": 0,
      "prime_modulo_distribution": {
        "11": 132,
        "13": 127,
        "3": 175,
        "2": 219,
        "47": 121,
        "71": 122,
        "7": 134,
        "17": 144,
        "19": 122,
        "59": 124,
        "5": 143,
        "23": 126,
        "41": 122,
        "29": 125,
        "31": 122
      }
    },
    "R12": {
      "register": "R12",
      "mean": 68651951778781.07,
      "max": 18446744073709551520,
      "min": 0,
      "prime_modulo_distribution": {
        "29": 30,
        "2": 229,
        "13": 48,
        "5": 88,
        "23": 39,
        "11": 48,
        "31": 35,
        "47": 30,
        "7": 67,
        "41": 36,
        "17": 38,
        "19": 44,
        "71": 32,
        "3": 114,
        "59": 32
      }
    },
    "AX": {
      "register": "AX",
      "mean": 3.6976482650850744e+16,
      "max": 18446744073709551615,
      "min": 0,
      "prime_modulo_distribution": {
        "29": 76,
        "3": 120,
        "71": 74,
        "19": 83,
        "5": 103,
        "31": 73,
        "59": 72,
        "47": 72,
        "41": 72,
        "11": 84,
        "17": 85,
        "23": 71,
        "13": 81,
        "2": 219,
        "7": 99
      }
    },
    "R13": {
      "register": "R13",
      "mean": 57885822910865.04,
      "max": 18446744073709551615,
      "min": 0,
      "prime_modulo_distribution": {
        "11": 58,
        "29": 38,
        "13": 50,
        "17": 57,
        "2": 194,
        "3": 94,
        "31": 47,
        "41": 38,
        "23": 47,
        "71": 39,
        "59": 37,
        "7": 64,
        "19": 45,
        "47": 44,
        "5": 67
      }
    },
    "CX": {
      "register": "CX",
      "mean": 5.2888812903241944e+16,
      "max": 18446744073709551615,
      "min": 0,
      "prime_modulo_distribution": {
        "17": 68,
        "29": 59,
        "71": 62,
        "5": 94,
        "41": 62,
        "2": 182,
        "7": 77,
        "31": 63,
        "13": 73,
        "19": 70,
        "3": 129,
        "47": 61,
        "11": 80,
        "59": 61,
        "23": 62
      }
    },
    "R9": {
      "register": "R9",
      "mean": 3129338255091684.5,
      "max": 18446744073709551615,
      "min": 0,
      "prime_modulo_distribution": {
        "13": 123,
        "47": 109,
        "2": 215,
        "59": 109,
        "71": 112,
        "29": 116,
        "31": 113,
        "23": 115,
        "17": 119,
        "19": 114,
        "41": 110,
        "7": 132,
        "3": 169,
        "5": 148,
        "11": 121
      }
    },
    "R14": {
      "register": "R14",
      "mean": 58622996140197.8,
      "max": 18446744073709551615,
      "min": 0,
      "prime_modulo_distribution": {
        "3": 110,
        "13": 38,
        "31": 34,
        "11": 41,
        "29": 32,
        "59": 31,
        "2": 218,
        "17": 55,
        "47": 32,
        "5": 83,
        "23": 33,
        "7": 59,
        "41": 30,
        "19": 34,
        "71": 29
      }
    },
    "BX": {
      "register": "BX",
      "mean": 3.49208554247765e+16,
      "max": 18446744073709551360,
      "min": 0,
      "prime_modulo_distribution": {
        "71": 46,
        "59": 50,
        "29": 50,
        "13": 60,
        "7": 78,
        "41": 50,
        "23": 54,
        "11": 61,
        "47": 49,
        "17": 59,
        "5": 84,
        "3": 120,
        "31": 47,
        "2": 230,
        "19": 54
      }
    },
    "SI": {
      "register": "SI",
      "mean": 64173642329522.46,
      "max": 18446744073709551612,
      "min": 0,
      "prime_modulo_distribution": {
        "3": 125,
        "29": 69,
        "11": 76,
        "7": 86,
        "17": 68,
        "5": 97,
        "71": 64,
        "13": 77,
        "23": 69,
        "31": 66,
        "47": 71,
        "59": 66,
        "2": 213,
        "19": 70,
        "41": 71
      }
    },
    "DI": {
      "register": "DI",
      "mean": 8734259019244565.0,
      "max": 9223372036854775807,
      "min": 0,
      "prime_modulo_distribution": {
        "31": 47,
        "11": 55,
        "5": 78,
        "29": 45,
        "47": 47,
        "59": 45,
        "7": 76,
        "13": 56,
        "2": 213,
        "71": 42,
        "3": 111,
        "19": 57,
        "23": 47,
        "17": 58,
        "41": 46
      }
    },
    "R11": {
      "register": "R11",
      "mean": 3646055268202830.0,
      "max": 17889109421471936263,
      "min": 0,
      "prime_modulo_distribution": {
        "59": 102,
        "3": 153,
        "17": 114,
        "5": 118,
        "29": 103,
        "71": 101,
        "41": 106,
        "11": 104,
        "31": 103,
        "47": 101,
        "2": 210,
        "13": 104,
        "19": 108,
        "7": 119,
        "23": 124
      }
    },
    "DX": {
      "register": "DX",
      "mean": 1.8293557764429136e+16,
      "max": 18446744073709551615,
      "min": 0,
      "prime_modulo_distribution": {
        "29": 65,
        "11": 82,
        "41": 66,
        "71": 62,
        "5": 110,
        "59": 64,
        "23": 66,
        "19": 73,
        "2": 205,
        "17": 85,
        "7": 88,
        "47": 63,
        "3": 144,
        "13": 69,
        "31": 66
      }
    },
    "R15": {
      "register": "R15",
      "mean": 4561830527592406.0,
      "max": 576460752303423487,
      "min": 0,
      "prime_modulo_distribution": {
        "23": 48,
        "3": 125,
        "11": 64,
        "71": 46,
        "47": 42,
        "31": 49,
        "59": 44,
        "13": 54,
        "7": 68,
        "29": 43,
        "41": 49,
        "17": 61,
        "2": 204,
        "19": 49,
        "5": 88
      }
    },
    "R10": {
      "register": "R10",
      "mean": 1.7239176652960056e+16,
      "max": 18446744073709551304,
      "min": 0,
      "prime_modulo_distribution": {
        "2": 238,
        "11": 119,
        "71": 105,
        "59": 108,
        "47": 106,
        "7": 124,
        "17": 112,
        "31": 108,
        "3": 144,
        "41": 108,
        "23": 107,
        "19": 116,
        "13": 113,
        "5": 121,
        "29": 108
      }
    }
  },
  "prime_resonances": {
    "71": 0.2522911051212938,
    "11": 0.3032345013477089,
    "41": 0.26037735849056604,
    "47": 0.2555256064690027,
    "59": 0.25471698113207547,
    "19": 0.28005390835579513,
    "13": 0.2892183288409704,
    "5": 0.38328840970350403,
    "17": 0.3026954177897574,
    "2": 0.8056603773584906,
    "7": 0.3425876010781671,
    "23": 0.27169811320754716,
    "31": 0.2622641509433962,
    "3": 0.4940700808625337,
    "29": 0.25849056603773585
  },
  "hot_addresses": [
    {
      "address": "10000",
      "count": 265,
      "symbol": "[unknown]"
    }
  ]
}