{
  "total_samples": 328,
  "register_stats": {
    "AX": {
      "register": "AX",
      "mean": 3.248833064928619e+16,
      "max": 18446744073709551591,
      "min": 0,
      "prime_modulo_distribution": {
        "71": 90,
        "29": 89,
        "31": 94,
        "11": 111,
        "23": 92,
        "47": 99,
        "3": 166,
        "19": 101,
        "7": 112,
        "13": 104,
        "2": 274,
        "59": 90,
        "5": 127,
        "41": 92,
        "17": 102
      }
    },
    "DI": {
      "register": "DI",
      "mean": 4.56928079163195e+16,
      "max": 14956746144386235634,
      "min": 0,
      "prime_modulo_distribution": {
        "47": 44,
        "2": 266,
        "31": 44,
        "29": 44,
        "71": 40,
        "23": 51,
        "5": 94,
        "17": 51,
        "13": 57,
        "19": 54,
        "3": 134,
        "11": 70,
        "7": 83,
        "41": 42,
        "59": 48
      }
    },
    "R13": {
      "register": "R13",
      "mean": 66601954349603.95,
      "max": 18446744073709551615,
      "min": 0,
      "prime_modulo_distribution": {
        "11": 66,
        "5": 93,
        "29": 41,
        "71": 42,
        "31": 44,
        "13": 58,
        "47": 45,
        "41": 52,
        "23": 49,
        "7": 66,
        "2": 262,
        "59": 46,
        "3": 112,
        "19": 44,
        "17": 58
      }
    },
    "CX": {
      "register": "CX",
      "mean": 2.8157749770639252e+16,
      "max": 18446744073709551568,
      "min": 0,
      "prime_modulo_distribution": {
        "41": 81,
        "3": 163,
        "31": 83,
        "47": 83,
        "71": 83,
        "2": 224,
        "13": 97,
        "5": 122,
        "17": 94,
        "11": 99,
        "19": 87,
        "23": 86,
        "29": 82,
        "59": 82,
        "7": 115
      }
    },
    "R15": {
      "register": "R15",
      "mean": 7546504610320482.0,
      "max": 2305843009213693951,
      "min": 0,
      "prime_modulo_distribution": {
        "41": 46,
        "7": 61,
        "11": 58,
        "17": 61,
        "71": 44,
        "5": 113,
        "19": 60,
        "13": 68,
        "31": 42,
        "23": 63,
        "29": 43,
        "59": 43,
        "2": 256,
        "3": 126,
        "47": 41
      }
    },
    "DX": {
      "register": "DX",
      "mean": 3.3370372498139292e+16,
      "max": 18446744073709551520,
      "min": 0,
      "prime_modulo_distribution": {
        "71": 87,
        "17": 110,
        "3": 164,
        "11": 103,
        "41": 93,
        "47": 89,
        "13": 101,
        "31": 89,
        "29": 95,
        "19": 98,
        "59": 88,
        "7": 119,
        "23": 91,
        "2": 257,
        "5": 152
      }
    },
    "R12": {
      "register": "R12",
      "mean": 3.156696536342626e+16,
      "max": 18446744073709551336,
      "min": 0,
      "prime_modulo_distribution": {
        "19": 39,
        "59": 30,
        "3": 116,
        "17": 36,
        "29": 27,
        "41": 29,
        "5": 93,
        "31": 29,
        "13": 53,
        "7": 56,
        "71": 27,
        "2": 267,
        "11": 46,
        "47": 30,
        "23": 32
      }
    },
    "R8": {
      "register": "R8",
      "mean": 8897012972377296.0,
      "max": 17551979389380917893,
      "min": 0,
      "prime_modulo_distribution": {
        "17": 156,
        "7": 156,
        "31": 144,
        "23": 144,
        "2": 276,
        "11": 157,
        "71": 143,
        "47": 148,
        "19": 149,
        "5": 180,
        "3": 207,
        "29": 149,
        "41": 146,
        "13": 168,
        "59": 145
      }
    },
    "SI": {
      "register": "SI",
      "mean": 2819000382013474.5,
      "max": 18446603336355738060,
      "min": 0,
      "prime_modulo_distribution": {
        "2": 256,
        "17": 82,
        "3": 147,
        "31": 76,
        "59": 72,
        "7": 108,
        "41": 77,
        "5": 118,
        "11": 91,
        "19": 76,
        "13": 85,
        "29": 82,
        "71": 73,
        "47": 81,
        "23": 84
      }
    },
    "R9": {
      "register": "R9",
      "mean": 3274482599727302.0,
      "max": 18446744073709551615,
      "min": 0,
      "prime_modulo_distribution": {
        "2": 277,
        "3": 195,
        "7": 158,
        "29": 136,
        "47": 133,
        "23": 139,
        "31": 142,
        "19": 144,
        "41": 135,
        "5": 176,
        "13": 143,
        "71": 132,
        "11": 142,
        "59": 135,
        "17": 144
      }
    },
    "R14": {
      "register": "R14",
      "mean": 54235665400063.914,
      "max": 18446744073709551615,
      "min": 0,
      "prime_modulo_distribution": {
        "3": 161,
        "29": 55,
        "11": 67,
        "2": 273,
        "19": 79,
        "5": 100,
        "13": 54,
        "71": 43,
        "31": 44,
        "23": 51,
        "7": 74,
        "17": 69,
        "47": 42,
        "41": 52,
        "59": 49
      }
    },
    "BX": {
      "register": "BX",
      "mean": 91091211598354.64,
      "max": 18446744073709551336,
      "min": 0,
      "prime_modulo_distribution": {
        "17": 49,
        "29": 47,
        "31": 40,
        "47": 40,
        "41": 42,
        "2": 290,
        "5": 88,
        "19": 44,
        "59": 44,
        "7": 62,
        "13": 57,
        "23": 39,
        "3": 125,
        "71": 37,
        "11": 59
      }
    },
    "R10": {
      "register": "R10",
      "mean": 2.531056924697377e+16,
      "max": 18446744073709551579,
      "min": 0,
      "prime_modulo_distribution": {
        "11": 175,
        "2": 277,
        "71": 158,
        "5": 192,
        "13": 169,
        "47": 161,
        "17": 169,
        "31": 161,
        "29": 159,
        "7": 170,
        "19": 163,
        "23": 162,
        "41": 158,
        "59": 170,
        "3": 205
      }
    },
    "R11": {
      "register": "R11",
      "mean": 4.3162537798195416e+16,
      "max": 18446744073709547520,
      "min": 0,
      "prime_modulo_distribution": {
        "23": 122,
        "3": 202,
        "13": 117,
        "5": 134,
        "29": 112,
        "2": 249,
        "59": 112,
        "11": 121,
        "71": 112,
        "31": 113,
        "19": 122,
        "47": 114,
        "17": 135,
        "7": 129,
        "41": 115
      }
    }
  },
  "prime_resonances": {
    "5": 0.38806620209059234,
    "17": 0.2865853658536585,
    "29": 0.2528310104529617,
    "31": 0.24934668989547037,
    "59": 0.25130662020905925,
    "41": 0.25261324041811845,
    "19": 0.27439024390243905,
    "23": 0.2624128919860627,
    "3": 0.48410278745644597,
    "7": 0.319904181184669,
    "11": 0.2972560975609756,
    "13": 0.28985191637630664,
    "47": 0.25043554006968644,
    "2": 0.8066202090592335,
    "71": 0.2419425087108014
  },
  "hot_addresses": [
    {
      "address": "10000",
      "count": 328,
      "symbol": "[unknown]"
    }
  ]
}