{
  "total_samples": 340,
  "register_stats": {
    "DI": {
      "register": "DI",
      "mean": 2.9797715728415124e+16,
      "max": 11652163056909790049,
      "min": 0,
      "prime_modulo_distribution": {
        "31": 59,
        "3": 146,
        "7": 77,
        "71": 53,
        "19": 69,
        "13": 66,
        "5": 103,
        "2": 276,
        "17": 64,
        "23": 60,
        "41": 57,
        "11": 68,
        "47": 57,
        "59": 57,
        "29": 55
      }
    },
    "SI": {
      "register": "SI",
      "mean": 4.315079828220677e+16,
      "max": 18100072109607034832,
      "min": 0,
      "prime_modulo_distribution": {
        "13": 93,
        "29": 80,
        "5": 126,
        "41": 83,
        "2": 268,
        "59": 80,
        "11": 94,
        "19": 86,
        "17": 88,
        "31": 81,
        "23": 81,
        "71": 82,
        "3": 158,
        "47": 80,
        "7": 118
      }
    },
    "DX": {
      "register": "DX",
      "mean": 2.716280905578354e+16,
      "max": 18446744073709551554,
      "min": 0,
      "prime_modulo_distribution": {
        "2": 245,
        "5": 137,
        "3": 148,
        "17": 89,
        "23": 86,
        "41": 77,
        "29": 78,
        "19": 87,
        "47": 74,
        "59": 75,
        "11": 89,
        "13": 92,
        "71": 74,
        "31": 82,
        "7": 110
      }
    },
    "R15": {
      "register": "R15",
      "mean": 3.818046503100827e+16,
      "max": 12960063039796183832,
      "min": 0,
      "prime_modulo_distribution": {
        "11": 60,
        "3": 122,
        "7": 86,
        "47": 43,
        "23": 54,
        "13": 63,
        "59": 44,
        "2": 250,
        "29": 42,
        "41": 46,
        "71": 46,
        "31": 48,
        "19": 58,
        "17": 73,
        "5": 118
      }
    },
    "R13": {
      "register": "R13",
      "mean": 2.7178276346453492e+16,
      "max": 18446744073709551615,
      "min": 0,
      "prime_modulo_distribution": {
        "41": 45,
        "47": 44,
        "11": 66,
        "19": 43,
        "17": 50,
        "59": 37,
        "13": 53,
        "23": 45,
        "5": 99,
        "71": 42,
        "2": 259,
        "31": 48,
        "7": 64,
        "3": 125,
        "29": 40
      }
    },
    "BX": {
      "register": "BX",
      "mean": 95926794487031.69,
      "max": 18446744073709551336,
      "min": 0,
      "prime_modulo_distribution": {
        "11": 73,
        "5": 96,
        "59": 54,
        "17": 67,
        "3": 147,
        "71": 49,
        "31": 55,
        "13": 65,
        "47": 57,
        "29": 55,
        "7": 83,
        "19": 69,
        "2": 298,
        "23": 60,
        "41": 51
      }
    },
    "R10": {
      "register": "R10",
      "mean": 2.5512973360897652e+16,
      "max": 18446744073709551570,
      "min": 0,
      "prime_modulo_distribution": {
        "71": 136,
        "47": 135,
        "31": 142,
        "41": 137,
        "2": 274,
        "5": 175,
        "17": 147,
        "7": 164,
        "29": 139,
        "13": 154,
        "23": 140,
        "3": 198,
        "59": 136,
        "19": 146,
        "11": 146
      }
    },
    "R8": {
      "register": "R8",
      "mean": 5.268665831917226e+16,
      "max": 17551979389380917893,
      "min": 0,
      "prime_modulo_distribution": {
        "5": 182,
        "17": 147,
        "71": 142,
        "11": 151,
        "7": 157,
        "13": 144,
        "41": 142,
        "3": 204,
        "47": 140,
        "19": 143,
        "31": 145,
        "29": 141,
        "23": 142,
        "59": 141,
        "2": 279
      }
    },
    "R9": {
      "register": "R9",
      "mean": 3.1377919379419068e+16,
      "max": 18446744073709551615,
      "min": 0,
      "prime_modulo_distribution": {
        "11": 138,
        "19": 128,
        "3": 189,
        "17": 131,
        "5": 163,
        "29": 128,
        "47": 127,
        "41": 128,
        "2": 277,
        "31": 134,
        "59": 128,
        "71": 126,
        "7": 174,
        "13": 139,
        "23": 136
      }
    },
    "AX": {
      "register": "AX",
      "mean": 2.1032808935439524e+16,
      "max": 18446744073709551615,
      "min": 0,
      "prime_modulo_distribution": {
        "3": 183,
        "71": 89,
        "5": 136,
        "31": 94,
        "59": 89,
        "41": 87,
        "17": 106,
        "2": 285,
        "23": 95,
        "29": 94,
        "13": 100,
        "7": 118,
        "19": 105,
        "11": 114,
        "47": 93
      }
    },
    "R11": {
      "register": "R11",
      "mean": 5.230996062190277e+16,
      "max": 18446744073709551552,
      "min": 0,
      "prime_modulo_distribution": {
        "41": 126,
        "47": 119,
        "13": 122,
        "19": 121,
        "23": 134,
        "29": 123,
        "11": 124,
        "2": 270,
        "7": 148,
        "17": 138,
        "5": 132,
        "31": 123,
        "71": 117,
        "3": 190,
        "59": 133
      }
    },
    "CX": {
      "register": "CX",
      "mean": 159962974073863.7,
      "max": 18446744073709547527,
      "min": 0,
      "prime_modulo_distribution": {
        "2": 235,
        "13": 82,
        "71": 78,
        "3": 162,
        "23": 84,
        "59": 78,
        "5": 122,
        "31": 83,
        "41": 77,
        "17": 85,
        "11": 99,
        "19": 87,
        "7": 98,
        "47": 76,
        "29": 78
      }
    },
    "R12": {
      "register": "R12",
      "mean": 2.718736183179526e+16,
      "max": 18446744073709551312,
      "min": 0,
      "prime_modulo_distribution": {
        "41": 61,
        "5": 112,
        "23": 62,
        "71": 54,
        "11": 76,
        "31": 63,
        "3": 154,
        "17": 65,
        "2": 302,
        "59": 60,
        "19": 66,
        "47": 55,
        "29": 53,
        "13": 72,
        "7": 88
      }
    },
    "R14": {
      "register": "R14",
      "mean": 2.7182440571456788e+16,
      "max": 18446744073709551615,
      "min": 0,
      "prime_modulo_distribution": {
        "7": 77,
        "29": 50,
        "31": 50,
        "17": 72,
        "11": 60,
        "23": 60,
        "41": 47,
        "71": 45,
        "3": 133,
        "2": 291,
        "13": 67,
        "47": 46,
        "5": 100,
        "19": 92,
        "59": 51
      }
    }
  },
  "prime_resonances": {
    "13": 0.27563025210084036,
    "71": 0.2380252100840336,
    "31": 0.25357142857142856,
    "29": 0.24285714285714285,
    "3": 0.4745798319327731,
    "41": 0.2445378151260504,
    "17": 0.2777310924369748,
    "59": 0.24432773109243697,
    "11": 0.2852941176470588,
    "19": 0.27310924369747897,
    "23": 0.26029411764705884,
    "2": 0.8002100840336135,
    "47": 0.2407563025210084,
    "5": 0.3783613445378151,
    "7": 0.3281512605042017
  },
  "hot_addresses": [
    {
      "address": "10000",
      "count": 340,
      "symbol": "[unknown]"
    }
  ]
}