{
  "total_samples": 316,
  "register_stats": {
    "R13": {
      "register": "R13",
      "mean": 59639439910973.77,
      "max": 18446744073709551615,
      "min": 0,
      "prime_modulo_distribution": {
        "5": 92,
        "23": 50,
        "41": 50,
        "71": 46,
        "19": 51,
        "11": 78,
        "7": 68,
        "17": 68,
        "3": 128,
        "31": 52,
        "2": 240,
        "47": 54,
        "59": 50,
        "13": 55,
        "29": 50
      }
    },
    "R9": {
      "register": "R9",
      "mean": 5.438538952998036e+16,
      "max": 18446744073709551615,
      "min": 0,
      "prime_modulo_distribution": {
        "59": 126,
        "11": 144,
        "13": 135,
        "71": 126,
        "19": 131,
        "29": 128,
        "47": 127,
        "41": 126,
        "2": 262,
        "17": 139,
        "23": 132,
        "31": 129,
        "3": 186,
        "5": 163,
        "7": 151
      }
    },
    "R11": {
      "register": "R11",
      "mean": 5.79129437949267e+16,
      "max": 18446744073709551552,
      "min": 0,
      "prime_modulo_distribution": {
        "47": 104,
        "11": 116,
        "31": 107,
        "17": 121,
        "19": 110,
        "29": 106,
        "71": 104,
        "59": 107,
        "41": 106,
        "13": 108,
        "5": 120,
        "3": 188,
        "2": 243,
        "7": 133,
        "23": 111
      }
    },
    "BX": {
      "register": "BX",
      "mean": 4.395910679348554e+16,
      "max": 18446744073709551506,
      "min": 0,
      "prime_modulo_distribution": {
        "13": 62,
        "31": 56,
        "5": 106,
        "7": 84,
        "19": 62,
        "59": 56,
        "2": 278,
        "3": 129,
        "47": 58,
        "11": 62,
        "29": 54,
        "71": 53,
        "23": 62,
        "17": 65,
        "41": 56
      }
    },
    "R10": {
      "register": "R10",
      "mean": 1.7851479491892208e+16,
      "max": 18446744073709551615,
      "min": 0,
      "prime_modulo_distribution": {
        "7": 145,
        "11": 137,
        "2": 254,
        "17": 137,
        "71": 126,
        "23": 128,
        "41": 127,
        "31": 135,
        "13": 138,
        "19": 134,
        "29": 128,
        "5": 162,
        "47": 129,
        "59": 132,
        "3": 176
      }
    },
    "DI": {
      "register": "DI",
      "mean": 81260758021194.2,
      "max": 719109871033506,
      "min": 0,
      "prime_modulo_distribution": {
        "19": 73,
        "3": 137,
        "17": 80,
        "47": 62,
        "7": 86,
        "29": 64,
        "2": 259,
        "13": 70,
        "31": 62,
        "5": 101,
        "23": 67,
        "59": 64,
        "41": 60,
        "71": 58,
        "11": 86
      }
    },
    "DX": {
      "register": "DX",
      "mean": 2.6579856979931452e+16,
      "max": 8387220255154660723,
      "min": 0,
      "prime_modulo_distribution": {
        "3": 137,
        "7": 104,
        "5": 117,
        "71": 81,
        "13": 88,
        "2": 236,
        "31": 81,
        "59": 81,
        "11": 104,
        "19": 89,
        "47": 81,
        "29": 84,
        "17": 86,
        "23": 82,
        "41": 80
      }
    },
    "AX": {
      "register": "AX",
      "mean": 3.915187673157461e+16,
      "max": 18446744073709551506,
      "min": 0,
      "prime_modulo_distribution": {
        "7": 109,
        "13": 79,
        "29": 79,
        "5": 121,
        "11": 102,
        "59": 78,
        "17": 86,
        "3": 138,
        "19": 90,
        "31": 79,
        "47": 75,
        "23": 82,
        "2": 250,
        "41": 79,
        "71": 76
      }
    },
    "SI": {
      "register": "SI",
      "mean": 1.518991780462962e+16,
      "max": 4780144698884882432,
      "min": 0,
      "prime_modulo_distribution": {
        "3": 158,
        "5": 136,
        "2": 263,
        "71": 86,
        "59": 89,
        "11": 100,
        "19": 89,
        "23": 94,
        "41": 92,
        "29": 86,
        "13": 100,
        "47": 88,
        "7": 118,
        "17": 89,
        "31": 95
      }
    },
    "CX": {
      "register": "CX",
      "mean": 5.396985920099736e+16,
      "max": 18446744073709518261,
      "min": 0,
      "prime_modulo_distribution": {
        "7": 85,
        "19": 74,
        "47": 66,
        "3": 149,
        "71": 67,
        "59": 67,
        "29": 69,
        "5": 104,
        "31": 70,
        "13": 75,
        "23": 73,
        "2": 212,
        "41": 68,
        "17": 76,
        "11": 82
      }
    },
    "R15": {
      "register": "R15",
      "mean": 75864133034255.23,
      "max": 140737488345712,
      "min": 0,
      "prime_modulo_distribution": {
        "11": 58,
        "59": 50,
        "47": 43,
        "23": 57,
        "7": 78,
        "31": 45,
        "41": 42,
        "71": 47,
        "19": 60,
        "5": 110,
        "3": 120,
        "29": 44,
        "13": 61,
        "17": 67,
        "2": 244
      }
    },
    "R14": {
      "register": "R14",
      "mean": 60424977250322.62,
      "max": 18446744073709551608,
      "min": 0,
      "prime_modulo_distribution": {
        "2": 275,
        "23": 44,
        "3": 120,
        "11": 58,
        "71": 37,
        "13": 47,
        "41": 48,
        "7": 77,
        "19": 74,
        "29": 41,
        "59": 42,
        "47": 38,
        "5": 80,
        "31": 41,
        "17": 66
      }
    },
    "R8": {
      "register": "R8",
      "mean": 1.0833690994881484e+16,
      "max": 17551979389380917893,
      "min": 0,
      "prime_modulo_distribution": {
        "19": 139,
        "5": 165,
        "2": 256,
        "11": 149,
        "23": 144,
        "71": 136,
        "41": 140,
        "29": 143,
        "7": 150,
        "13": 139,
        "17": 148,
        "59": 137,
        "3": 185,
        "47": 138,
        "31": 137
      }
    },
    "R12": {
      "register": "R12",
      "mean": 77160903906219.44,
      "max": 18446744073709551544,
      "min": 0,
      "prime_modulo_distribution": {
        "7": 57,
        "29": 28,
        "11": 48,
        "19": 35,
        "3": 117,
        "59": 26,
        "31": 27,
        "5": 77,
        "2": 265,
        "23": 29,
        "71": 23,
        "41": 31,
        "47": 23,
        "13": 37,
        "17": 37
      }
    }
  },
  "prime_resonances": {
    "2": 0.799502712477396,
    "23": 0.2610759493670886,
    "29": 0.24954792043399637,
    "31": 0.2522603978300181,
    "47": 0.24547920433996384,
    "59": 0.2497739602169982,
    "71": 0.24095840867992765,
    "19": 0.2737341772151899,
    "41": 0.2497739602169982,
    "5": 0.37386980108499096,
    "7": 0.326627486437613,
    "3": 0.4674502712477396,
    "11": 0.29927667269439423,
    "13": 0.26989150090415914,
    "17": 0.28594032549728754
  },
  "hot_addresses": [
    {
      "address": "10000",
      "count": 316,
      "symbol": "[unknown]"
    }
  ]
}